﻿<?xml version="1.0" encoding="utf-8" ?>
<Examples>
    <Title>Layout</Title>
    <Example>
        <Number>2-1</Number>
        <Figure>2-1</Figure>
        <Title>StackPanel</Title>
        <Target>Example1</Target>
    </Example>
    <Example>
        <Figure>2-2</Figure>
        <Title>Horizontal StackPanel</Title>
        <Target>Figure2</Target>
    </Example>
    <Example>
        <Number>2-2</Number>
        <Figure>2-3</Figure>
        <Title>DockPanel</Title>
        <Target>Example2</Target>
    </Example>
    <Example>
        <Number>2-3</Number>
        <Figure>2-4</Figure>
        <Title>DockPanel (left and right first)</Title>
        <Target>Example3</Target>
    </Example>
    <Example>
        <Figure>2-5</Figure>
        <Title>DockPanel with overfull button</Title>
        <Target>Figure5</Target>
    </Example>
    <Example>
        <Figure>2-6</Figure>
        <Title>Documentation viewer</Title>
        <Target>Figure6</Target>
    </Example>
    <Example>
        <Number>2-4</Number>
        <Figure>2-7</Figure>
        <Title>Documentation viewer starting point</Title>
        <Target>Example4</Target>
    </Example>
    <Example>
        <Number>2-5</Number>
        <Figure>2-8</Figure>
        <Title>StackPanel search layout</Title>
        <Target>Example5</Target>
    </Example>
    <Example>
        <Number>2-6</Number>
        <Figure>2-9</Figure>
        <Title>Search layout with margin</Title>
        <Target>Example6</Target>
    </Example>
    <Example>
        <Figure>2-10</Figure>
        <Title>Search layout with unstretched button</Title>
        <Target>Figure10</Target>
    </Example>
    <Example>
        <Number>2-7</Number>
        <Figure>2-12</Figure>
        <Title>Ineffective use of StackPanel</Title>
        <Target>Example7</Target>
    </Example>
    <Example>
        <Number>2-8</Number>
        <Figure>2-13</Figure>
        <Title>Grid layout</Title>
        <Target>Example8</Target>
    </Example>
    <Example>
        <Number>2-9</Number>
        <Figure>2-14</Figure>
        <Title>Fixed column width</Title>
        <Target>Example9</Target>
    </Example>
    <Example>
        <Number>2-10</Number>
        <Figure>2-15</Figure>
        <Title>Automatic column width and row height</Title>
        <Target>Example10</Target>
    </Example>
    <Example>
        <Number>2-11</Number>
        <Figure>2-16</Figure>
        <Title>Grid with margins</Title>
        <Target>Example11</Target>
    </Example>
    <Example>
        <Figure>2-17</Figure>
        <Title>Grid star spacing</Title>
        <Target>Figure17</Target>
    </Example>
    <Example>
        <Number>2-12</Number>
        <Figure>2-18</Figure>
        <Title>Spanning dividing lines</Title>
        <Target>Example12</Target>
    </Example>
    <Example>
        <Number>2-13</Number>
        <Figure>2-19</Figure>
        <Title>Spanning backgrounds</Title>
        <Target>Example13</Target>
    </Example>
    <Example>
        <Number>2-14</Number>
        <Figure>2-20</Figure>
        <Title>Grid in ScrollViewer</Title>
        <Target>Example14</Target>
    </Example>
    <Example>
        <Figure>2-21</Figure>
        <Title>Grid in ScrollViewer, title outside, misaligned</Title>
        <Target>Figure21</Target>
    </Example>
    <Example>
        <Number>2-15</Number>
        <Figure>2-22</Figure>
        <Title>Grid and ScrollViewer with shared size groups</Title>
        <Target>Example15</Target>
    </Example>
    <Example>
        <Number>2-16</Number>
        <Figure>2-23</Figure>
        <Title>Canvas layout</Title>
        <Target>Example16</Target>
    </Example>
    <Example>
        <Number>2-17</Number>
        <Figure>2-24</Figure>
        <Title>Canvas without Viewbox</Title>
        <Target>Example17</Target>
    </Example>
    <Example>
        <Number>2-18</Number>
        <Figure>2-25</Figure>
        <Title>Canvas in Viewbox</Title>
        <Target>Example18</Target>
    </Example>
    <Example>
        <Number>2-19</Number>
        <Figure>2-26</Figure>
        <Title>Canvas in Viewbox with Stretch</Title>
        <Target>Example19</Target>
    </Example>
    <Example>
        <Figure>2-27</Figure>
        <Title>Canvas in Viewbox with UniformToFill Stretch</Title>
        <Target>Figure27</Target>
    </Example>
    <Example>
        <Number>2-20</Number>
        <Figure>2-28</Figure>
        <Title>Text wrapping</Title>
        <Target>Example20</Target>
    </Example>
    <Example>
        <Number>2-21</Number>
        <Figure>2-29</Figure>
        <Title>Wrapping non-text elements</Title>
        <Target>Example21</Target>
    </Example>
    <Example>
        <Number>2-22</Number>
        <Figure>2-31</Figure>
        <Title>Text styles</Title>
        <Target>Example22</Target>
    </Example>
    <Example>
        <Number>2-23</Number>
        <Figure>2-32</Figure>
        <Title>Text alignment</Title>
        <Target>Example23</Target>
    </Example>
    <Example>
        <Number>2-24</Number>
        <Figure>2-33</Figure>
        <Title>List marker styles</Title>
        <Target>Example24</Target>
    </Example>
    <Example>
        <Number>2-25</Number>
        <Figure>2-34</Figure>
        <Title>Table</Title>
        <Target>Example25</Target>
    </Example>
    <Example>
        <Number>2-26</Number>
        <Figure>2-35</Figure>
        <Title>FlowDocument with Floater</Title>
        <Target>Example26</Target>
    </Example>
    <Example>
        <Number>2-27</Number>
        <Figure>2-36</Figure>
        <Title>Floater alignment</Title>
        <Target>Example27</Target>
    </Example>
    <Example>
        <Number>2-28</Number>
        <Figure>2-37</Figure>
        <Title>Margin vs. Padding</Title>
        <Target>Example28</Target>
    </Example>
    <Example>
        <Number>2-29</Number>
        <Figure>2-38</Figure>
        <Title>RenderTransform vs. LayoutTransform</Title>
        <Target>Example29</Target>
    </Example>
    <Example>
        <Figure>2-39</Figure>
        <Title>Rotating LayoutTransform</Title>
        <Target>Figure39</Target>
    </Example>
    <Example>
        <Number>2-30</Number>
        <Figure>2-40</Figure>
        <Title>Content rotation</Title>
        <Target>Example30</Target>
    </Example>
    <Example>
        <Number>2-31</Number>
        <Figure>2-41</Figure>
        <Title>Content rotation with bounding boxes</Title>
        <Target>Example31</Target>
    </Example>
    <Example>
        <Number>2-32</Number>
        <Figure>2-42</Figure>
        <Title>Truncation</Title>
        <Target>Example32</Target>
    </Example>
    <Example>
        <Number>2-33</Number>
        <Figure>2-43</Figure>
        <Title>Overflow</Title>
        <Target>Example33</Target>
    </Example>
    <Example>
        <Number>2-34</Number>
        <Figure>2-44</Figure>
        <Title>Custom layout</Title>
        <Target>Example34</Target>
    </Example>
</Examples>
