﻿<?xml version="1.0" encoding="utf-8" ?>
<Examples>
    <Title>Asynchronous &amp; Multithreaded Programming</Title>
    <Example>
        <Number>C-1</Number>
        <Title>Use of VerifyAccess</Title>
        <Target>Example1</Target>
    </Example>
    <Example>
        <Number>C-2</Number>
        <Title>Use of Dispatcher.BeginInvoke</Title>
        <Target>Example2</Target>
    </Example>
    <Example>
        <Number>C-3</Number>
        <Title>Passing parameters with Dispatcher.BeginInvoke</Title>
        <Target>Example3</Target>
    </Example>
    <Example>
        <Number>C-4</Number>
        <Title>Avoiding Wait and Completed</Title>
        <Target>Example4</Target>
    </Example>
    <Example>
        <Number>C-5</Number>
        <Title>Using a DispatcherTimer</Title>
        <Target>Example5</Target>
    </Example>
    <Example>
        <Number>C-6</Number>
        <Title>Starting a Dispatcher on a new thread</Title>
        <Target>Example6</Target>
    </Example>
    <Example>
        <Number>C-7</Number>
        <Title>Using BackgroundWorker</Title>
        <Target>Example7</Target>
    </Example>
</Examples>
