<?xml version="1.0" encoding="UTF-8"?><?xml-stylesheet type='text/xsl' href='_UpgradeReport_Files/UpgradeReport.xslt'?><UpgradeLog>
<Properties><Property Name="Solution" Value="ShowMeTheTemplate">
</Property><Property Name="Solution File" Value="D:\data\AvalonBook\RtmSrc\ch08and09\ShowMeTheTemplate\ShowMeTheTemplate.sln">
</Property><Property Name="Date" Value="Wednesday, September 12, 2007">
</Property><Property Name="Time" Value="20:41 PM">
</Property></Properties><Event ErrorLevel="0" Project="ShowMeTheTemplate" Source="ShowMeTheTemplate\ShowMeTheTemplate.csproj" Description="Project converted successfully">
</Event><Event ErrorLevel="3" Project="ShowMeTheTemplate" Source="ShowMeTheTemplate\ShowMeTheTemplate.csproj" Description="Converted">
</Event><Event ErrorLevel="0" Project="" Source="ShowMeTheTemplate.sln" Description="Solution converted successfully">
</Event><Event ErrorLevel="3" Project="" Source="ShowMeTheTemplate.sln" Description="Converted">
</Event><Event ErrorLevel="0" Project="ShowMeTheTemplate" Source="ShowMeTheTemplate\ShowMeTheTemplate.csproj" Description="Scan complete: Upgrade not required for project files.">
</Event></UpgradeLog>