<Talk 
	authorEmail="KeithBa@microsoft.com"
	conference="WebServicesDevCon"
	location="East"
	topic="Message-level security with the .NET Framework"
	supportedSoftware="Microsoft Web Services Development Kit (WSDK)">

	<Outline>
		<Teaser>Enabling Web services</Teaser>
		<Act title="How the WSDK works">
			<Scene title="What is the WSDK?" />
			<Scene title="Using .NET Fx V1 Web Services with the WSDK" />
			<Scene title="How the WSDK works: the pipeline" />
		</Act>
		<Act title="Message level security with WS-Security and friends">
			<Scene title="Why isn't HTTPS enough?" />
			<Scene title="What is WS-Security and friends?" />
			<Scene title="Security Tokens">
				<Beat>wsse:BinarySecurityToken</Beat>
				<Beat>XML tokens</Beat>
			</Scene>
			<Scene title="Message integrity">
				<Beat>XML Signature</Beat>
				<Beat>KeyInfo, KeyName, and SecurityTokenReference</Beat>
			</Scene>
			<Scene title="Message encryption">
				<Beat>XML Encryption</Beat>
				<Beat>EncryptedKey and EncryptedData</Beat>
				<Beat>ReferenceList and DataReference</Beat>
				<Beat>KeyIdentifier</Beat>
			</Scene>
		</Act>
		<Act title="WS-Security with the WSDK">
			<Scene title="SoapContext.Security" />
			<Scene title="UsernameToken" />
			<Scene title="Signature" />
			<Scene title="X509SecurityToken" />
			<Scene title="EncryptedData" />
			<Scene title="Security-related configuration" />
		</Act>
		<Tag>The future of Web service security</Tag>		
	</Outline>

	<DeletedScenes>
		<Scene title="Custom binary security tokens" />
		<Scene title="Authorization" />
		<Scene title="Custom key providers" />
		<Scene title="PKI" />
		<Scene title="SAML, XrML, and other XML security tokens" />
	</DeletedScenes>

</Talk>


